transaction_id,user_id,amount,city,timestamp
tx_00001,user_041,461.04,Ipoh,2026-02-01T00:00:00+08:00
tx_00002,user_009,424.81,Melaka,2026-02-01T00:00:36+08:00
tx_00003,user_002,388.33,Kuala Lumpur,2026-02-01T00:04:02+08:00
tx_00004,user_046,2237.63,Kuching,2026-02-01T00:08:06+08:00
tx_00005,user_001,658.65,Kota Kinabalu,2026-02-01T00:06:36+08:00
tx_00006,user_014,1383.11,Melaka,2026-02-01T00:05:45+08:00
tx_00007,user_023,1413.94,Kuala Lumpur,2026-02-01T00:25:30+08:00
tx_00008,user_035,516.61,Kota Kinabalu,2026-02-01T00:23:55+08:00
tx_00009,user_037,792.1,Ipoh,2026-02-01T00:22:24+08:00
tx_00010,user_006,958.16,Kota Kinabalu,2026-02-01T00:37:48+08:00
tx_00011,user_041,1499.25,Shah Alam,2026-02-01T00:21:10+08:00
tx_00012,user_043,1098.19,Johor Bahru,2026-02-01T00:53:43+08:00
tx_00013,user_047,1007.27,Melaka,2026-02-01T00:31:36+08:00
tx_00014,user_041,2286.35,Kuala Lumpur,2026-02-01T00:29:41+08:00
tx_00015,user_003,1297.64,George Town,2026-02-01T00:29:52+08:00
tx_00016,user_037,1293.37,Melaka,2026-02-01T01:03:30+08:00
tx_00017,user_010,1089.23,Kota Kinabalu,2026-02-01T01:03:44+08:00
tx_00018,user_038,1640.53,Johor Bahru,2026-02-01T01:19:20+08:00
tx_00019,user_032,377.01,Johor Bahru,2026-02-01T00:30:18+08:00
tx_00020,user_044,1734.91,Melaka,2026-02-01T01:08:05+08:00
tx_00021,user_039,1922.84,Kuala Lumpur,2026-02-01T00:26:00+08:00
tx_00022,user_044,2204.45,George Town,2026-02-01T00:59:30+08:00
tx_00023,user_028,652.7,Kota Kinabalu,2026-02-01T01:41:12+08:00
tx_00024,user_049,736.81,Kota Kinabalu,2026-02-01T01:46:57+08:00
tx_00025,user_039,819.25,Johor Bahru,2026-02-01T01:58:24+08:00
tx_00026,user_050,2177.09,Shah Alam,2026-02-01T01:52:30+08:00
tx_00027,user_002,463.54,Ipoh,2026-02-01T00:21:14+08:00
tx_00028,user_016,2328.11,Kuching,2026-02-01T00:24:45+08:00
tx_00029,user_049,2186.22,Kuching,2026-02-01T00:48:32+08:00
tx_00030,user_017,2166.96,Ipoh,2026-02-01T02:23:04+08:00
tx_00031,user_049,828.46,Shah Alam,2026-02-01T02:02:00+08:00
tx_00032,user_034,1854.13,Ipoh,2026-02-01T00:26:52+08:00
tx_00033,user_022,91.98,Ipoh,2026-02-01T01:10:24+08:00
tx_00034,user_001,295.03,George Town,2026-02-01T00:19:48+08:00
tx_00035,user_022,295.83,Kota Kinabalu,2026-02-01T02:31:52+08:00
tx_00036,user_014,2213.29,Kuching,2026-02-01T01:24:00+08:00
tx_00037,user_031,1672.31,George Town,2026-02-01T02:24:00+08:00
tx_00038,user_023,1739.67,Kuala Lumpur,2026-02-01T00:43:10+08:00
tx_00039,user_004,1654.51,Ipoh,2026-02-01T01:14:44+08:00
tx_00040,user_013,2201.72,Melaka,2026-02-01T01:13:27+08:00
tx_00041,user_018,1899.31,Kuching,2026-02-01T00:46:40+08:00
tx_00042,user_004,2219.01,Ipoh,2026-02-01T01:11:45+08:00
tx_00043,user_027,1994.73,Melaka,2026-02-01T00:35:00+08:00
tx_00044,user_011,1557.06,Kota Kinabalu,2026-02-01T03:00:36+08:00
tx_00045,user_019,1737.87,Johor Bahru,2026-02-01T01:25:48+08:00
tx_00046,user_019,896.09,Kuala Lumpur,2026-02-01T02:15:00+08:00
tx_00047,user_004,210.97,Johor Bahru,2026-02-01T00:37:34+08:00
tx_00048,user_033,333.21,George Town,2026-02-01T01:49:40+08:00
tx_00049,user_026,496.93,Kuala Lumpur,2026-02-01T00:48:48+08:00
tx_00050,user_027,2395.98,Shah Alam,2026-02-01T02:04:57+08:00
tx_00051,user_014,1291.34,Melaka,2026-02-01T01:12:30+08:00
tx_00052,user_043,1233.75,George Town,2026-02-01T00:20:24+08:00
tx_00053,user_030,2311.11,Ipoh,2026-02-01T04:01:48+08:00
tx_00054,user_017,547.51,Ipoh,2026-02-01T03:04:37+08:00
tx_00055,user_019,651.78,Kota Kinabalu,2026-02-01T04:21:00+08:00
tx_00056,user_001,2276.41,Johor Bahru,2026-02-01T02:22:05+08:00
tx_00057,user_008,443.82,Kota Kinabalu,2026-02-01T02:33:04+08:00
tx_00058,user_039,867.53,Kota Kinabalu,2026-02-01T04:24:06+08:00
tx_00059,user_032,1033.01,Melaka,2026-02-01T02:35:38+08:00
tx_00060,user_003,19.52,Kota Kinabalu,2026-02-01T01:40:18+08:00
tx_00061,user_048,1814.86,Kuala Lumpur,2026-02-01T01:17:00+08:00
tx_00062,user_005,615.8,Shah Alam,2026-02-01T01:36:35+08:00
tx_00063,user_028,527.04,Shah Alam,2026-02-01T00:41:20+08:00
tx_00064,user_023,865.31,Shah Alam,2026-02-01T03:59:24+08:00
tx_00065,user_040,638.32,Johor Bahru,2026-02-01T04:06:24+08:00
tx_00066,user_002,739.56,Ipoh,2026-02-01T02:49:00+08:00
tx_00067,user_011,447.6,Kuching,2026-02-01T02:26:18+08:00
tx_00068,user_013,1890.54,Ipoh,2026-02-01T02:29:38+08:00
tx_00069,user_002,796.65,Kota Kinabalu,2026-02-01T01:02:20+08:00
tx_00070,user_050,1148.58,Melaka,2026-02-01T05:38:06+08:00
tx_00071,user_022,118.14,Johor Bahru,2026-02-01T03:00:50+08:00
tx_00072,user_003,449.96,Shah Alam,2026-02-01T03:33:00+08:00
tx_00073,user_028,2488.81,Melaka,2026-02-01T02:20:24+08:00
tx_00074,user_017,186.6,Ipoh,2026-02-01T04:10:38+08:00
tx_00075,user_028,291.59,Shah Alam,2026-02-01T01:42:22+08:00
tx_00076,user_047,1235.84,Melaka,2026-02-01T03:53:45+08:00
tx_00077,user_026,1216.82,Ipoh,2026-02-01T04:57:40+08:00
tx_00078,user_043,1557.29,Kota Kinabalu,2026-02-01T04:51:19+08:00
tx_00079,user_036,6.44,Ipoh,2026-02-01T05:12:00+08:00
tx_00080,user_038,2489.57,Kuching,2026-02-01T05:23:54+08:00
tx_00081,user_044,880.87,Johor Bahru,2026-02-01T01:24:00+08:00
tx_00082,user_019,2116.95,George Town,2026-02-01T03:09:00+08:00
tx_00083,user_044,1276.33,Johor Bahru,2026-02-01T00:43:44+08:00
tx_00084,user_003,1007.79,George Town,2026-02-01T05:49:59+08:00
tx_00085,user_027,2362.36,Kuching,2026-02-01T05:13:36+08:00
tx_00086,user_016,609.01,Melaka,2026-02-01T03:07:00+08:00
tx_00087,user_012,2126.7,Ipoh,2026-02-01T01:57:32+08:00
tx_00088,user_030,551.78,Shah Alam,2026-02-01T05:56:42+08:00
tx_00089,user_040,2072.68,Kuching,2026-02-01T02:28:08+08:00
tx_00090,user_048,1949.74,Ipoh,2026-02-01T03:58:49+08:00
tx_00091,user_050,2140.73,Kota Kinabalu,2026-02-01T06:07:30+08:00
tx_00092,user_005,1175.34,Shah Alam,2026-02-01T04:37:33+08:00
tx_00093,user_035,335.22,Ipoh,2026-02-01T05:31:12+08:00
tx_00094,user_045,630.31,Melaka,2026-02-01T05:53:24+08:00
tx_00095,user_022,2227.76,Kuala Lumpur,2026-02-01T03:15:50+08:00
tx_00096,user_027,1600.9,Melaka,2026-02-01T06:58:00+08:00
tx_00097,user_001,1445.46,Melaka,2026-02-01T07:52:00+08:00
tx_00098,user_048,2241.93,Kuching,2026-02-01T03:33:24+08:00
tx_00099,user_018,1790.7,Melaka,2026-02-01T05:13:36+08:00
tx_00100,user_043,1661.27,Johor Bahru,2026-02-01T08:03:27+08:00
tx_00101,user_002,1618.99,Kuala Lumpur,2026-02-01T01:43:20+08:00
tx_00102,user_042,1760.27,Johor Bahru,2026-02-01T01:15:45+08:00
tx_00103,user_017,1557.53,Kuching,2026-02-01T05:17:54+08:00
tx_00104,user_022,1557.46,Kota Kinabalu,2026-02-01T01:44:43+08:00
tx_00105,user_031,84.8,Shah Alam,2026-02-01T03:52:16+08:00
tx_00106,user_042,286.0,Ipoh,2026-02-01T03:33:30+08:00
tx_00107,user_002,629.32,Kuching,2026-02-01T02:17:48+08:00
tx_00108,user_037,897.74,Shah Alam,2026-02-01T03:07:15+08:00
tx_00109,user_039,2492.12,Kota Kinabalu,2026-02-01T02:15:00+08:00
tx_00110,user_038,110.49,Melaka,2026-02-01T06:45:07+08:00
tx_00111,user_046,817.19,Ipoh,2026-02-01T02:12:00+08:00
tx_00112,user_045,1240.91,Kuala Lumpur,2026-02-01T06:04:27+08:00
tx_00113,user_035,1759.51,Shah Alam,2026-02-01T00:48:32+08:00
tx_00114,user_027,2012.16,Shah Alam,2026-02-01T08:00:15+08:00
tx_00115,user_046,631.62,Kota Kinabalu,2026-02-01T09:20:30+08:00
tx_00116,user_050,1985.76,Kota Kinabalu,2026-02-01T05:54:35+08:00
tx_00117,user_016,359.47,Ipoh,2026-02-01T08:16:52+08:00
tx_00118,user_037,1557.5,Kuching,2026-02-01T06:02:42+08:00
tx_00119,user_012,2002.35,Kota Kinabalu,2026-02-01T06:21:32+08:00
tx_00120,user_018,2446.48,Kuala Lumpur,2026-02-01T09:23:16+08:00
tx_00121,user_013,355.36,Kuching,2026-02-01T04:46:00+08:00
tx_00122,user_045,1955.77,Kuala Lumpur,2026-02-01T02:15:07+08:00
tx_00123,user_019,912.63,Kota Kinabalu,2026-02-01T07:02:56+08:00
tx_00124,user_031,2272.85,Melaka,2026-02-01T06:27:27+08:00
tx_00125,user_023,1863.44,Kota Kinabalu,2026-02-01T04:45:12+08:00
tx_00126,user_008,793.51,Johor Bahru,2026-02-01T04:05:50+08:00
tx_00127,user_014,1988.49,Kota Kinabalu,2026-02-01T02:29:06+08:00
tx_00128,user_013,1218.35,Johor Bahru,2026-02-01T06:08:18+08:00
tx_00129,user_001,2192.24,Kuala Lumpur,2026-02-01T01:40:16+08:00
tx_00130,user_036,1201.27,George Town,2026-02-01T00:55:54+08:00
tx_00131,user_037,1169.77,Kuching,2026-02-01T07:00:20+08:00
tx_00132,user_012,215.47,George Town,2026-02-01T01:55:43+08:00
tx_00133,user_026,2019.19,Kuala Lumpur,2026-02-01T03:33:24+08:00
tx_00134,user_010,2310.41,Ipoh,2026-02-01T02:57:20+08:00
tx_00135,user_036,1709.99,Ipoh,2026-02-01T10:40:58+08:00
tx_00136,user_025,1850.74,Melaka,2026-02-01T06:36:00+08:00
tx_00137,user_037,251.91,Ipoh,2026-02-01T04:50:08+08:00
tx_00138,user_017,337.23,Johor Bahru,2026-02-01T02:12:26+08:00
tx_00139,user_011,15.67,Kuching,2026-02-01T06:28:42+08:00
tx_00140,user_003,953.44,Kuching,2026-02-01T02:09:44+08:00
tx_00141,user_044,961.49,Ipoh,2026-02-01T09:13:00+08:00
tx_00142,user_008,2235.32,Kota Kinabalu,2026-02-01T03:36:12+08:00
tx_00143,user_005,249.24,Kota Kinabalu,2026-02-01T09:37:28+08:00
tx_00144,user_008,1924.46,Kota Kinabalu,2026-02-01T10:57:48+08:00
tx_00145,user_035,2027.71,Kuala Lumpur,2026-02-01T09:38:24+08:00
tx_00146,user_048,1325.94,Kuala Lumpur,2026-02-01T02:39:30+08:00
tx_00147,user_015,2361.9,Kota Kinabalu,2026-02-01T01:37:20+08:00
tx_00148,user_049,722.78,Kuching,2026-02-01T06:36:54+08:00
tx_00149,user_012,2402.67,George Town,2026-02-01T10:41:20+08:00
tx_00150,user_023,1677.55,George Town,2026-02-01T04:13:18+08:00
tx_00151,user_022,1691.74,Melaka,2026-02-01T01:35:00+08:00
tx_00152,user_030,365.54,Shah Alam,2026-02-01T03:18:49+08:00
tx_00153,user_050,1660.8,Kuching,2026-02-01T09:45:12+08:00
tx_00154,user_004,773.85,Kuching,2026-02-01T10:27:18+08:00
tx_00155,user_049,216.34,Johor Bahru,2026-02-01T07:08:38+08:00
tx_00156,user_029,1990.1,Ipoh,2026-02-01T04:20:55+08:00
tx_00157,user_020,2261.08,Melaka,2026-02-01T02:54:12+08:00
tx_00158,user_015,469.71,Johor Bahru,2026-02-01T11:59:35+08:00
tx_00159,user_046,1200.84,Melaka,2026-02-01T11:43:06+08:00
tx_00160,user_031,1003.78,Johor Bahru,2026-02-01T09:32:24+08:00
tx_00161,user_013,2460.82,George Town,2026-02-01T07:09:20+08:00
tx_00162,user_050,1704.58,Kota Kinabalu,2026-02-01T00:56:21+08:00
tx_00163,user_019,1227.99,Kuching,2026-02-01T04:19:12+08:00
tx_00164,user_029,2211.75,Shah Alam,2026-02-01T13:29:34+08:00
tx_00165,user_025,1870.53,Ipoh,2026-02-01T09:50:24+08:00
tx_00166,user_015,1687.05,Kuching,2026-02-01T09:51:15+08:00
tx_00167,user_025,628.7,Johor Bahru,2026-02-01T12:46:22+08:00
tx_00168,user_038,1364.17,George Town,2026-02-01T13:24:23+08:00
tx_00169,user_030,67.26,Johor Bahru,2026-02-01T02:42:24+08:00
tx_00170,user_031,1090.59,Melaka,2026-02-01T02:51:49+08:00
tx_00171,user_022,2190.65,Kuching,2026-02-01T14:01:30+08:00
tx_00172,user_003,285.34,Ipoh,2026-02-01T03:08:06+08:00
tx_00173,user_028,408.17,Johor Bahru,2026-02-01T08:15:56+08:00
tx_00174,user_002,193.5,Kota Kinabalu,2026-02-01T09:45:19+08:00
tx_00175,user_024,1769.23,Melaka,2026-02-01T05:24:48+08:00
tx_00176,user_011,722.19,Melaka,2026-02-01T06:57:05+08:00
tx_00177,user_032,2393.23,Kuching,2026-02-01T07:20:00+08:00
tx_00178,user_030,1050.07,Kota Kinabalu,2026-02-01T14:42:03+08:00
tx_00179,user_011,307.75,Kota Kinabalu,2026-02-01T11:43:06+08:00
tx_00180,user_045,1029.74,Ipoh,2026-02-01T10:44:24+08:00
tx_00181,user_031,441.36,Shah Alam,2026-02-01T08:33:00+08:00
tx_00182,user_045,1214.06,Kota Kinabalu,2026-02-01T01:12:24+08:00
tx_00183,user_037,205.97,Kota Kinabalu,2026-02-01T06:55:34+08:00
tx_00184,user_039,1448.33,Kota Kinabalu,2026-02-01T04:34:30+08:00
tx_00185,user_041,402.04,Kuching,2026-02-01T01:53:28+08:00
tx_00186,user_038,1499.21,Kota Kinabalu,2026-02-01T09:36:35+08:00
tx_00187,user_048,1706.23,Johor Bahru,2026-02-01T15:17:36+08:00
tx_00188,user_024,2179.84,Johor Bahru,2026-02-01T07:50:37+08:00
tx_00189,user_031,1213.51,Kuching,2026-02-01T03:01:44+08:00
tx_00190,user_010,929.68,Shah Alam,2026-02-01T03:27:54+08:00
tx_00191,user_026,62.48,George Town,2026-02-01T13:18:00+08:00
tx_00192,user_024,1078.96,Shah Alam,2026-02-01T03:58:45+08:00
tx_00193,user_044,962.7,Shah Alam,2026-02-01T07:05:36+08:00
tx_00194,user_042,263.74,Melaka,2026-02-01T04:14:07+08:00
tx_00195,user_009,190.04,Kuching,2026-02-01T04:15:26+08:00
tx_00196,user_007,966.82,Melaka,2026-02-01T13:39:00+08:00
tx_00197,user_024,2217.69,Johor Bahru,2026-02-01T12:37:52+08:00
tx_00198,user_042,410.79,Melaka,2026-02-01T08:55:11+08:00
tx_00199,user_003,1522.37,Kuching,2026-02-01T07:42:00+08:00
tx_00200,user_024,411.58,Shah Alam,2026-02-01T02:49:09+08:00
tx_00201,user_026,1135.31,Kuching,2026-02-01T03:40:00+08:00
tx_00202,user_043,873.9,Kuala Lumpur,2026-02-01T10:36:30+08:00
tx_00203,user_016,520.93,George Town,2026-02-01T07:04:12+08:00
tx_00204,user_038,889.35,Johor Bahru,2026-02-01T01:11:03+08:00
tx_00205,user_018,597.28,Kota Kinabalu,2026-02-01T06:10:36+08:00
tx_00206,user_008,110.2,Shah Alam,2026-02-01T08:01:45+08:00
tx_00207,user_038,1331.02,Kota Kinabalu,2026-02-01T02:37:56+08:00
tx_00208,user_009,1729.81,George Town,2026-02-01T15:07:21+08:00
tx_00209,user_029,1487.89,George Town,2026-02-01T14:30:08+08:00
tx_00210,user_033,912.9,Kota Kinabalu,2026-02-01T14:44:46+08:00
tx_00211,user_042,132.07,Melaka,2026-02-01T13:53:00+08:00
tx_00212,user_044,447.77,George Town,2026-02-01T03:34:31+08:00
tx_00213,user_021,2496.21,Johor Bahru,2026-02-01T09:25:20+08:00
tx_00214,user_040,2402.85,Melaka,2026-02-01T17:13:03+08:00
tx_00215,user_019,1863.89,Melaka,2026-02-01T04:09:40+08:00
tx_00216,user_045,473.83,Melaka,2026-02-01T14:59:25+08:00
tx_00217,user_015,1699.57,Melaka,2026-02-01T13:55:12+08:00
tx_00218,user_047,394.56,Shah Alam,2026-02-01T09:02:30+08:00
tx_00219,user_024,630.71,George Town,2026-02-01T03:48:54+08:00
tx_00220,user_006,1773.15,Johor Bahru,2026-02-01T03:02:30+08:00
tx_00221,user_038,2305.85,George Town,2026-02-01T14:03:20+08:00
tx_00222,user_023,1737.04,Kota Kinabalu,2026-02-01T12:16:40+08:00
tx_00223,user_007,2372.83,Johor Bahru,2026-02-01T16:24:12+08:00
tx_00224,user_015,448.58,Shah Alam,2026-02-01T04:49:54+08:00
tx_00225,user_049,1146.93,Melaka,2026-02-01T02:03:12+08:00
tx_00226,user_039,1100.02,Kota Kinabalu,2026-02-01T11:07:30+08:00
tx_00227,user_022,1442.02,Johor Bahru,2026-02-01T14:07:30+08:00
tx_00228,user_005,586.01,Ipoh,2026-02-01T13:22:04+08:00
tx_00229,user_027,1863.52,Shah Alam,2026-02-01T11:20:12+08:00
tx_00230,user_047,1333.99,George Town,2026-02-01T02:55:34+08:00
tx_00231,user_010,649.9,George Town,2026-02-01T10:09:30+08:00
tx_00232,user_029,1741.79,Kuching,2026-02-01T14:53:12+08:00
tx_00233,user_018,887.81,Shah Alam,2026-02-01T15:28:00+08:00
tx_00234,user_008,1165.97,Kota Kinabalu,2026-02-01T02:46:59+08:00
tx_00235,user_015,1623.9,Kuala Lumpur,2026-02-01T08:03:36+08:00
tx_00236,user_020,870.24,Kota Kinabalu,2026-02-01T12:12:25+08:00
tx_00237,user_008,36.76,Johor Bahru,2026-02-01T05:38:16+08:00
tx_00238,user_025,2186.38,Shah Alam,2026-02-01T03:41:12+08:00
tx_00239,user_026,178.6,Kuching,2026-02-01T03:54:02+08:00
tx_00240,user_021,2363.69,Melaka,2026-02-01T15:28:07+08:00
tx_00241,user_019,476.6,Shah Alam,2026-02-01T07:08:00+08:00
tx_00242,user_040,1889.51,Melaka,2026-02-01T04:57:14+08:00
tx_00243,user_016,1789.96,George Town,2026-02-01T14:55:24+08:00
tx_00244,user_020,1395.35,Johor Bahru,2026-02-01T03:58:57+08:00
tx_00245,user_033,472.88,Ipoh,2026-02-01T13:25:12+08:00
tx_00246,user_023,609.31,Johor Bahru,2026-02-01T10:16:35+08:00
tx_00247,user_013,715.92,George Town,2026-02-01T07:31:00+08:00
tx_00248,user_050,2028.79,Kuching,2026-02-01T12:41:35+08:00
tx_00249,user_041,1299.27,George Town,2026-02-01T17:54:40+08:00
tx_00250,user_029,1245.49,Kuala Lumpur,2026-02-01T13:50:00+08:00
tx_00251,user_033,308.47,Kuching,2026-02-01T02:42:30+08:00
tx_00252,user_004,1515.41,George Town,2026-02-01T19:27:09+08:00
tx_00253,user_025,1900.98,Kuala Lumpur,2026-02-01T17:30:00+08:00
tx_00254,user_037,776.59,Kuching,2026-02-01T19:23:48+08:00
tx_00255,user_010,258.71,Shah Alam,2026-02-01T04:26:42+08:00
tx_00256,user_033,711.03,Kuching,2026-02-01T17:17:00+08:00
tx_00257,user_034,2146.92,Shah Alam,2026-02-01T14:56:00+08:00
tx_00258,user_019,1591.65,Kuala Lumpur,2026-02-01T13:38:07+08:00
tx_00259,user_005,1355.18,Melaka,2026-02-01T11:49:30+08:00
tx_00260,user_017,2473.25,George Town,2026-02-01T06:37:08+08:00
tx_00261,user_023,1275.62,George Town,2026-02-01T12:51:20+08:00
tx_00262,user_036,1547.52,George Town,2026-02-01T17:06:36+08:00
tx_00263,user_033,1487.05,Kota Kinabalu,2026-02-01T08:09:04+08:00
tx_00264,user_014,1404.73,Ipoh,2026-02-01T06:34:30+08:00
tx_00265,user_010,321.41,Kuala Lumpur,2026-02-01T14:04:48+08:00
tx_00266,user_050,541.96,Johor Bahru,2026-02-01T07:34:55+08:00
tx_00267,user_012,683.7,Melaka,2026-02-01T15:13:16+08:00
tx_00268,user_044,977.79,Kota Kinabalu,2026-02-01T18:28:03+08:00
tx_00269,user_015,2192.34,Kuching,2026-02-01T08:51:32+08:00
tx_00270,user_024,2341.77,Kota Kinabalu,2026-02-01T16:03:55+08:00
tx_00271,user_033,2165.62,Ipoh,2026-02-01T06:45:00+08:00
tx_00272,user_017,218.75,George Town,2026-02-01T21:22:44+08:00
tx_00273,user_008,1172.12,Kota Kinabalu,2026-02-01T18:53:20+08:00
tx_00274,user_033,608.61,Ipoh,2026-02-01T18:57:30+08:00
tx_00275,user_023,114.6,Melaka,2026-02-01T21:04:58+08:00
tx_00276,user_024,970.61,Shah Alam,2026-02-01T10:14:10+08:00
tx_00277,user_002,1310.15,Johor Bahru,2026-02-01T06:54:00+08:00
tx_00278,user_003,1180.72,Kuching,2026-02-01T19:09:33+08:00
tx_00279,user_040,26.1,Kota Kinabalu,2026-02-01T10:02:20+08:00
tx_00280,user_010,2252.98,Melaka,2026-02-01T05:53:24+08:00
tx_00281,user_050,1185.34,George Town,2026-02-01T03:25:20+08:00
tx_00282,user_016,1724.97,George Town,2026-02-01T05:55:56+08:00
tx_00283,user_032,2449.8,Ipoh,2026-02-01T07:17:06+08:00
tx_00284,user_019,1763.09,Shah Alam,2026-02-01T11:14:29+08:00
tx_00285,user_037,1711.21,Shah Alam,2026-02-01T04:15:36+08:00
tx_00286,user_034,2233.88,Kuala Lumpur,2026-02-01T17:20:15+08:00
tx_00287,user_031,183.65,Kota Kinabalu,2026-02-01T02:13:28+08:00
tx_00288,user_023,281.53,George Town,2026-02-01T15:08:50+08:00
tx_00289,user_009,186.58,Shah Alam,2026-02-01T08:43:12+08:00
tx_00290,user_050,1908.72,Johor Bahru,2026-02-01T04:10:28+08:00
tx_00291,user_046,1879.04,Ipoh,2026-02-01T03:23:00+08:00
tx_00292,user_013,176.54,Melaka,2026-02-02T00:05:18+08:00
tx_00293,user_031,1042.03,Kota Kinabalu,2026-02-01T16:23:04+08:00
tx_00294,user_050,200.54,George Town,2026-02-01T16:55:44+08:00
tx_00295,user_028,1643.76,Shah Alam,2026-02-01T09:23:30+08:00
tx_00296,user_032,2042.58,Kota Kinabalu,2026-02-01T05:04:50+08:00
tx_00297,user_047,1743.16,Johor Bahru,2026-02-02T00:35:04+08:00
tx_00298,user_019,1320.11,Shah Alam,2026-02-01T14:06:27+08:00
tx_00299,user_020,1831.96,Johor Bahru,2026-02-01T20:26:46+08:00
tx_00300,user_023,1836.05,Melaka,2026-02-01T13:17:20+08:00
tx_00301,user_041,239.16,Shah Alam,2026-02-01T23:30:00+08:00
tx_00302,user_048,660.02,Kuching,2026-02-01T03:05:37+08:00
tx_00303,user_009,280.35,Shah Alam,2026-02-01T18:07:12+08:00
tx_00304,user_037,137.92,Kuching,2026-02-01T17:35:27+08:00
tx_00305,user_024,1823.19,Johor Bahru,2026-02-02T00:34:24+08:00
tx_00306,user_024,1635.54,Ipoh,2026-02-01T06:36:30+08:00
tx_00307,user_002,767.78,Melaka,2026-02-01T06:48:00+08:00
tx_00308,user_017,1071.73,Kota Kinabalu,2026-02-01T23:06:37+08:00
tx_00309,user_013,507.21,Kuching,2026-02-01T09:14:24+08:00
tx_00310,user_046,1828.15,Shah Alam,2026-02-01T04:32:57+08:00
tx_00311,user_036,2225.44,Johor Bahru,2026-02-01T09:23:10+08:00
tx_00312,user_024,2088.31,Ipoh,2026-02-01T07:51:41+08:00
tx_00313,user_016,2028.05,Shah Alam,2026-02-01T22:26:48+08:00
tx_00314,user_036,536.91,George Town,2026-02-01T15:28:34+08:00
tx_00315,user_026,1965.86,Melaka,2026-02-01T04:58:18+08:00
tx_00316,user_009,1303.17,Kuching,2026-02-02T00:51:00+08:00
tx_00317,user_023,530.89,Johor Bahru,2026-02-01T07:32:56+08:00
tx_00318,user_028,2064.01,Johor Bahru,2026-02-01T15:24:35+08:00
tx_00319,user_011,668.53,Shah Alam,2026-02-02T01:10:30+08:00
tx_00320,user_019,328.43,Kota Kinabalu,2026-02-01T07:26:36+08:00
tx_00321,user_041,1245.98,George Town,2026-02-02T00:37:20+08:00
tx_00322,user_042,695.99,Johor Bahru,2026-02-01T09:32:27+08:00
tx_00323,user_043,2483.59,Kuala Lumpur,2026-02-01T03:02:28+08:00
tx_00324,user_006,191.94,Ipoh,2026-02-01T20:54:19+08:00
tx_00325,user_040,129.78,Kota Kinabalu,2026-02-01T15:39:36+08:00
tx_00326,user_031,1008.64,Kuching,2026-02-01T05:08:45+08:00
tx_00327,user_045,250.27,Melaka,2026-02-02T00:10:42+08:00
tx_00328,user_030,840.59,Johor Bahru,2026-02-01T16:21:00+08:00
tx_00329,user_046,1312.56,Johor Bahru,2026-02-01T19:02:32+08:00
tx_00330,user_033,2305.15,Ipoh,2026-02-01T23:34:42+08:00
tx_00331,user_008,1100.73,Johor Bahru,2026-02-01T06:19:30+08:00
tx_00332,user_004,1193.69,Melaka,2026-02-01T13:30:57+08:00
tx_00333,user_011,1346.95,Ipoh,2026-02-01T09:18:52+08:00
tx_00334,user_032,2113.77,Kota Kinabalu,2026-02-02T01:20:42+08:00
tx_00335,user_002,373.68,Kuching,2026-02-01T13:16:02+08:00
tx_00336,user_014,2394.5,Kuala Lumpur,2026-02-01T15:15:40+08:00
tx_00337,user_032,2452.74,Kuala Lumpur,2026-02-01T07:00:00+08:00
tx_00338,user_028,553.45,Melaka,2026-02-01T19:22:39+08:00
tx_00339,user_003,1645.09,Ipoh,2026-02-01T19:14:50+08:00
tx_00340,user_036,1187.16,Kuching,2026-02-01T15:20:57+08:00
tx_00341,user_040,491.21,Melaka,2026-02-01T19:55:40+08:00
tx_00342,user_022,2289.52,Ipoh,2026-02-02T02:31:20+08:00
tx_00343,user_026,2053.0,Kuala Lumpur,2026-02-01T08:33:00+08:00
tx_00344,user_046,1369.78,Kuching,2026-02-01T09:08:48+08:00
tx_00345,user_039,2116.25,Shah Alam,2026-02-01T09:50:32+08:00
tx_00346,user_026,1230.95,Kuching,2026-02-01T16:34:45+08:00
tx_00347,user_031,73.55,George Town,2026-02-01T22:23:38+08:00
tx_00348,user_038,1265.09,Kuching,2026-02-01T14:56:25+08:00
tx_00349,user_042,2374.93,Kuala Lumpur,2026-02-02T01:37:00+08:00
tx_00350,user_011,2152.96,Johor Bahru,2026-02-01T13:57:36+08:00
tx_00351,user_003,2350.13,Kuala Lumpur,2026-02-01T23:49:10+08:00
tx_00352,user_021,1720.26,Ipoh,2026-02-01T22:25:30+08:00
tx_00353,user_033,1936.02,Ipoh,2026-02-01T18:11:12+08:00
tx_00354,user_043,1964.86,Shah Alam,2026-02-01T10:35:24+08:00
tx_00355,user_030,2188.58,Shah Alam,2026-02-01T15:14:30+08:00
tx_00356,user_040,1988.33,Kota Kinabalu,2026-02-01T16:57:40+08:00
tx_00357,user_015,1224.43,Kuching,2026-02-01T17:59:52+08:00
tx_00358,user_031,1433.84,Kota Kinabalu,2026-02-01T08:07:54+08:00
tx_00359,user_037,2229.66,Shah Alam,2026-02-01T09:20:52+08:00
tx_00360,user_019,177.41,Shah Alam,2026-02-02T00:31:54+08:00
tx_00361,user_042,1055.73,Ipoh,2026-02-02T05:30:00+08:00
tx_00362,user_018,2307.42,George Town,2026-02-01T14:14:22+08:00
tx_00363,user_016,212.83,Ipoh,2026-02-01T04:37:32+08:00
tx_00364,user_007,1697.57,George Town,2026-02-01T09:04:30+08:00
tx_00365,user_001,2259.26,Kuching,2026-02-02T02:41:36+08:00
tx_00366,user_042,821.45,Kota Kinabalu,2026-02-01T05:04:10+08:00
tx_00367,user_050,371.93,Kuala Lumpur,2026-02-01T11:04:54+08:00
tx_00368,user_027,725.06,Kuching,2026-02-01T11:43:25+08:00
tx_00369,user_048,1190.0,Kota Kinabalu,2026-02-01T07:33:52+08:00
tx_00370,user_022,1170.78,Kuching,2026-02-01T09:01:12+08:00
tx_00371,user_033,1922.43,George Town,2026-02-01T19:25:30+08:00
tx_00372,user_011,1884.42,Kuala Lumpur,2026-02-01T19:47:12+08:00
tx_00373,user_019,2330.32,Melaka,2026-02-02T00:35:36+08:00
tx_00374,user_033,1348.16,George Town,2026-02-01T11:48:42+08:00
tx_00375,user_009,1960.53,Kuala Lumpur,2026-02-01T15:53:42+08:00
tx_00376,user_025,969.74,Shah Alam,2026-02-01T18:07:30+08:00
tx_00377,user_038,2351.04,Shah Alam,2026-02-01T14:37:20+08:00
tx_00378,user_004,489.74,Johor Bahru,2026-02-01T23:46:19+08:00
tx_00379,user_044,2063.41,Kota Kinabalu,2026-02-01T21:50:24+08:00
tx_00380,user_040,909.32,Kuching,2026-02-01T10:19:02+08:00
tx_00381,user_030,2486.56,Kuching,2026-02-02T07:08:20+08:00
tx_00382,user_043,899.39,George Town,2026-02-02T06:35:09+08:00
tx_00383,user_029,2168.51,George Town,2026-02-01T05:24:42+08:00
tx_00384,user_036,2075.39,Johor Bahru,2026-02-01T11:03:52+08:00
tx_00385,user_021,2136.71,Ipoh,2026-02-02T04:48:00+08:00
tx_00386,user_006,2095.7,Kuching,2026-02-01T09:18:15+08:00
tx_00387,user_033,1706.79,Kuala Lumpur,2026-02-02T03:26:56+08:00
tx_00388,user_044,1267.06,Kota Kinabalu,2026-02-01T02:15:27+08:00
tx_00389,user_048,897.91,Kuala Lumpur,2026-02-02T01:26:08+08:00
tx_00390,user_023,266.8,George Town,2026-02-02T04:12:09+08:00
tx_00391,user_003,1180.62,Johor Bahru,2026-02-02T01:27:30+08:00
tx_00392,user_024,1571.76,Melaka,2026-02-01T06:37:31+08:00
tx_00393,user_044,2213.25,George Town,2026-02-01T12:05:12+08:00
tx_00394,user_035,1614.82,Ipoh,2026-02-01T02:17:33+08:00
tx_00395,user_049,98.47,Melaka,2026-02-02T07:57:28+08:00
tx_00396,user_025,945.37,Shah Alam,2026-02-01T10:51:45+08:00
tx_00397,user_018,777.1,Melaka,2026-02-01T03:04:48+08:00
tx_00398,user_016,849.11,Kuala Lumpur,2026-02-02T03:20:56+08:00
tx_00399,user_039,204.3,Melaka,2026-02-02T02:58:32+08:00
tx_00400,user_015,2215.3,Johor Bahru,2026-02-02T06:42:03+08:00
tx_00401,user_019,964.95,Shah Alam,2026-02-01T15:40:00+08:00
tx_00402,user_020,591.83,Melaka,2026-02-01T19:16:13+08:00
tx_00403,user_018,254.89,Johor Bahru,2026-02-02T02:34:36+08:00
tx_00404,user_036,2035.05,Melaka,2026-02-02T08:14:24+08:00
tx_00405,user_021,1710.62,Kota Kinabalu,2026-02-01T23:47:28+08:00
tx_00406,user_012,2208.73,Ipoh,2026-02-01T19:27:45+08:00
tx_00407,user_046,596.7,Melaka,2026-02-02T02:16:38+08:00
tx_00408,user_036,2175.26,Ipoh,2026-02-01T16:57:30+08:00
tx_00409,user_014,1357.17,Shah Alam,2026-02-01T07:35:36+08:00
tx_00410,user_035,785.04,Melaka,2026-02-01T04:32:40+08:00
tx_00411,user_005,775.98,Ipoh,2026-02-02T06:10:50+08:00
tx_00412,user_014,1368.4,Ipoh,2026-02-01T13:21:27+08:00
tx_00413,user_048,485.73,Ipoh,2026-02-02T01:31:16+08:00
tx_00414,user_016,2266.54,Melaka,2026-02-02T05:35:54+08:00
tx_00415,user_035,1476.44,Shah Alam,2026-02-02T08:25:48+08:00
tx_00416,user_032,1913.17,Shah Alam,2026-02-01T14:17:40+08:00
tx_00417,user_024,1286.6,Ipoh,2026-02-01T10:51:44+08:00
tx_00418,user_002,1073.89,Melaka,2026-02-01T19:48:27+08:00
tx_00419,user_010,808.53,Melaka,2026-02-01T16:50:10+08:00
tx_00420,user_032,2260.54,Kuching,2026-02-02T07:32:29+08:00
tx_00421,user_030,694.52,Johor Bahru,2026-02-02T10:53:00+08:00
tx_00422,user_032,758.8,Kuala Lumpur,2026-02-01T06:46:58+08:00
tx_00423,user_043,203.06,Johor Bahru,2026-02-01T16:10:36+08:00
tx_00424,user_005,623.03,Kuching,2026-02-02T00:47:33+08:00
tx_00425,user_004,1984.7,Kuala Lumpur,2026-02-02T10:23:28+08:00
tx_00426,user_036,1689.0,Kota Kinabalu,2026-02-02T10:42:30+08:00
tx_00427,user_019,75.86,Johor Bahru,2026-02-01T08:45:24+08:00
tx_00428,user_007,2152.23,Ipoh,2026-02-02T10:16:43+08:00
tx_00429,user_017,1456.46,George Town,2026-02-02T01:05:08+08:00
tx_00430,user_026,1885.93,Ipoh,2026-02-01T20:36:57+08:00
tx_00431,user_044,335.01,Melaka,2026-02-02T01:33:40+08:00
tx_00432,user_025,2268.7,Kuala Lumpur,2026-02-01T12:48:37+08:00
tx_00433,user_006,2052.65,George Town,2026-02-02T10:48:00+08:00
tx_00434,user_003,946.39,Kuching,2026-02-01T19:00:14+08:00
tx_00435,user_003,309.48,Kuala Lumpur,2026-02-01T13:22:54+08:00
tx_00436,user_021,69.39,Johor Bahru,2026-02-02T02:56:45+08:00
tx_00437,user_005,1230.29,Ipoh,2026-02-02T02:31:24+08:00
tx_00438,user_044,2219.56,Johor Bahru,2026-02-01T07:17:00+08:00
tx_00439,user_033,1421.01,Melaka,2026-02-01T16:47:24+08:00
tx_00440,user_005,1400.99,Melaka,2026-02-01T22:48:13+08:00
tx_00441,user_002,1124.77,Ipoh,2026-02-02T00:41:20+08:00
tx_00442,user_036,1542.62,Melaka,2026-02-01T07:43:03+08:00
tx_00443,user_050,1214.31,George Town,2026-02-01T19:16:34+08:00
tx_00444,user_010,1561.26,Shah Alam,2026-02-02T01:06:12+08:00
tx_00445,user_007,379.04,Kuching,2026-02-02T01:09:36+08:00
tx_00446,user_049,1109.12,George Town,2026-02-01T14:12:55+08:00
tx_00447,user_028,1843.88,Melaka,2026-02-01T08:55:12+08:00
tx_00448,user_002,372.58,George Town,2026-02-01T23:05:42+08:00
tx_00449,user_025,55.46,Melaka,2026-02-01T07:50:24+08:00
tx_00450,user_047,2296.39,Johor Bahru,2026-02-02T02:41:26+08:00
tx_00451,user_011,573.44,Kota Kinabalu,2026-02-02T10:00:00+08:00
tx_00452,user_010,264.26,Kota Kinabalu,2026-02-02T05:26:25+08:00
tx_00453,user_020,1988.15,Kota Kinabalu,2026-02-01T18:19:52+08:00
tx_00454,user_047,2035.99,Ipoh,2026-02-02T07:57:42+08:00
tx_00455,user_007,559.4,Melaka,2026-02-01T23:57:40+08:00
tx_00456,user_040,1561.57,Shah Alam,2026-02-02T06:20:00+08:00
tx_00457,user_042,2439.24,Shah Alam,2026-02-01T15:27:12+08:00
tx_00458,user_031,1291.26,Shah Alam,2026-02-01T21:27:13+08:00
tx_00459,user_048,2016.93,Shah Alam,2026-02-02T02:58:16+08:00
tx_00460,user_018,1614.51,Ipoh,2026-02-02T14:07:21+08:00
tx_00461,user_012,2258.07,Ipoh,2026-02-02T07:10:40+08:00
tx_00462,user_019,288.67,Johor Bahru,2026-02-01T22:24:35+08:00
tx_00463,user_016,1039.26,Melaka,2026-02-01T07:18:54+08:00
tx_00464,user_029,2454.79,Melaka,2026-02-02T13:40:59+08:00
tx_00465,user_033,1718.8,Shah Alam,2026-02-02T13:53:36+08:00
tx_00466,user_039,353.13,Shah Alam,2026-02-01T13:33:45+08:00
tx_00467,user_042,186.96,Shah Alam,2026-02-02T07:04:00+08:00
tx_00468,user_007,48.14,Ipoh,2026-02-02T12:27:07+08:00
tx_00469,user_048,2129.89,Ipoh,2026-02-02T08:14:24+08:00
tx_00470,user_024,1607.79,Johor Bahru,2026-02-02T01:32:04+08:00
tx_00471,user_002,1982.14,Melaka,2026-02-01T08:13:30+08:00
tx_00472,user_008,585.54,Shah Alam,2026-02-02T09:06:03+08:00
tx_00473,user_014,2139.75,Kuching,2026-02-01T09:02:48+08:00
tx_00474,user_029,1858.51,Kota Kinabalu,2026-02-01T05:31:06+08:00
tx_00475,user_046,476.05,George Town,2026-02-01T13:41:36+08:00
tx_00476,user_048,1004.82,Johor Bahru,2026-02-02T00:56:15+08:00
tx_00477,user_036,1751.73,Melaka,2026-02-01T15:04:24+08:00
tx_00478,user_012,1775.6,Ipoh,2026-02-02T09:07:30+08:00
tx_00479,user_038,1764.6,Ipoh,2026-02-01T16:35:50+08:00
tx_00480,user_018,261.91,Johor Bahru,2026-02-02T03:32:33+08:00
tx_00481,user_021,812.71,Kota Kinabalu,2026-02-02T12:00:00+08:00
tx_00482,user_034,1288.96,Melaka,2026-02-01T10:25:18+08:00
tx_00483,user_023,1446.79,Johor Bahru,2026-02-01T23:01:44+08:00
tx_00484,user_040,2422.12,Shah Alam,2026-02-01T10:44:00+08:00
tx_00485,user_016,1255.12,Shah Alam,2026-02-01T12:22:08+08:00
tx_00486,user_033,1596.69,Johor Bahru,2026-02-02T05:06:00+08:00
tx_00487,user_028,765.78,Johor Bahru,2026-02-01T14:10:30+08:00
tx_00488,user_032,1188.22,Shah Alam,2026-02-02T09:49:10+08:00
tx_00489,user_040,224.5,Kuching,2026-02-01T12:03:52+08:00
tx_00490,user_013,1577.88,Kuching,2026-02-02T07:06:21+08:00
tx_00491,user_044,2019.67,Kuching,2026-02-01T14:17:30+08:00
tx_00492,user_006,2320.03,Kota Kinabalu,2026-02-01T04:54:36+08:00
tx_00493,user_018,925.84,Johor Bahru,2026-02-02T10:42:48+08:00
tx_00494,user_037,2033.88,George Town,2026-02-01T10:40:54+08:00
tx_00495,user_018,2229.58,Kuala Lumpur,2026-02-02T09:37:10+08:00
tx_00496,user_035,900.61,Ipoh,2026-02-01T23:39:00+08:00
tx_00497,user_003,1847.45,George Town,2026-02-02T09:37:04+08:00
tx_00498,user_008,975.39,Shah Alam,2026-02-02T08:59:43+08:00
tx_00499,user_011,575.33,Kuala Lumpur,2026-02-02T03:31:42+08:00
tx_00500,user_035,1156.98,Johor Bahru,2026-02-02T01:38:35+08:00
tx_00501,user_046,1203.49,Kota Kinabalu,2026-02-02T15:18:20+08:00
tx_00502,user_044,395.26,Kuala Lumpur,2026-02-01T22:24:21+08:00
tx_00503,user_042,524.23,Johor Bahru,2026-02-02T01:39:28+08:00
tx_00504,user_016,1613.72,Kota Kinabalu,2026-02-02T08:24:56+08:00
tx_00505,user_025,1856.11,Melaka,2026-02-02T15:37:12+08:00
tx_00506,user_048,1144.57,Kuching,2026-02-02T02:13:55+08:00
tx_00507,user_038,15.17,Shah Alam,2026-02-01T07:18:32+08:00
tx_00508,user_035,1634.36,Ipoh,2026-02-02T14:26:51+08:00
tx_00509,user_018,1327.45,Johor Bahru,2026-02-02T13:49:04+08:00
tx_00510,user_022,203.01,Kuching,2026-02-01T03:57:32+08:00
tx_00511,user_008,652.77,Kuala Lumpur,2026-02-02T09:51:30+08:00
tx_00512,user_013,545.42,Kota Kinabalu,2026-02-01T09:30:37+08:00
tx_00513,user_042,1481.41,Shah Alam,2026-02-01T14:47:28+08:00
tx_00514,user_004,1628.43,Melaka,2026-02-01T09:24:18+08:00
tx_00515,user_046,394.03,Kuching,2026-02-01T08:25:26+08:00
tx_00516,user_009,2436.38,Kuching,2026-02-01T03:26:00+08:00
tx_00517,user_001,1412.16,Johor Bahru,2026-02-02T13:50:24+08:00
tx_00518,user_005,942.61,George Town,2026-02-01T10:20:24+08:00
tx_00519,user_021,1510.42,Melaka,2026-02-01T12:39:44+08:00
tx_00520,user_042,590.18,Kuala Lumpur,2026-02-01T14:59:36+08:00
tx_00521,user_029,1443.32,Melaka,2026-02-02T11:32:00+08:00
tx_00522,user_014,360.12,George Town,2026-02-02T07:15:36+08:00
tx_00523,user_023,1763.52,Ipoh,2026-02-01T23:20:42+08:00
tx_00524,user_042,350.38,Kota Kinabalu,2026-02-01T04:47:39+08:00
tx_00525,user_043,1240.38,Ipoh,2026-02-02T08:01:20+08:00
tx_00526,user_019,228.37,Melaka,2026-02-01T11:13:45+08:00
tx_00527,user_016,2051.91,Kuala Lumpur,2026-02-02T05:48:24+08:00
tx_00528,user_021,545.69,Melaka,2026-02-02T06:18:09+08:00
tx_00529,user_035,712.71,Kuala Lumpur,2026-02-01T07:55:12+08:00
tx_00530,user_001,1078.3,Kuala Lumpur,2026-02-02T08:46:07+08:00
tx_00531,user_033,1178.86,Melaka,2026-02-02T09:07:30+08:00
tx_00532,user_006,2202.89,Johor Bahru,2026-02-01T23:53:42+08:00
tx_00533,user_006,1274.18,Ipoh,2026-02-01T14:37:48+08:00
tx_00534,user_035,1343.69,George Town,2026-02-02T02:21:14+08:00
tx_00535,user_045,1796.3,Ipoh,2026-02-01T09:29:36+08:00
tx_00536,user_028,480.79,Kuala Lumpur,2026-02-02T02:27:10+08:00
tx_00537,user_043,724.1,Johor Bahru,2026-02-01T03:43:20+08:00
tx_00538,user_011,2038.58,Kota Kinabalu,2026-02-01T15:39:45+08:00
tx_00539,user_024,524.41,Kuala Lumpur,2026-02-02T04:32:38+08:00
tx_00540,user_028,1119.81,Kota Kinabalu,2026-02-01T08:50:01+08:00
tx_00541,user_032,1869.85,Kuala Lumpur,2026-02-02T17:15:00+08:00
tx_00542,user_037,688.52,Kota Kinabalu,2026-02-01T10:49:12+08:00
tx_00543,user_037,477.38,Kuala Lumpur,2026-02-01T06:19:24+08:00
tx_00544,user_001,1006.07,Shah Alam,2026-02-02T08:34:48+08:00
tx_00545,user_010,738.08,Melaka,2026-02-01T20:14:56+08:00
tx_00546,user_021,1021.65,Kota Kinabalu,2026-02-01T08:55:55+08:00
tx_00547,user_037,1532.18,Kuala Lumpur,2026-02-01T16:50:06+08:00
tx_00548,user_015,2117.06,George Town,2026-02-02T15:12:06+08:00
tx_00549,user_019,1277.51,Kuching,2026-02-01T03:39:12+08:00
tx_00550,user_024,826.49,Kota Kinabalu,2026-02-01T21:57:36+08:00
tx_00551,user_030,1513.97,Ipoh,2026-02-02T21:40:50+08:00
tx_00552,user_049,1009.2,Melaka,2026-02-01T04:53:52+08:00
tx_00553,user_015,2223.5,Shah Alam,2026-02-01T03:04:00+08:00
tx_00554,user_049,1546.41,Ipoh,2026-02-02T20:42:03+08:00
tx_00555,user_016,1724.7,Johor Bahru,2026-02-02T01:05:02+08:00
tx_00556,user_006,184.38,Melaka,2026-02-02T08:22:30+08:00
tx_00557,user_030,352.91,Johor Bahru,2026-02-02T10:07:56+08:00
tx_00558,user_005,2429.9,Melaka,2026-02-01T13:18:22+08:00
tx_00559,user_016,1199.45,Melaka,2026-02-02T04:59:06+08:00
tx_00560,user_021,1859.43,George Town,2026-02-01T19:05:57+08:00
tx_00561,user_009,2399.12,George Town,2026-02-01T16:10:40+08:00
tx_00562,user_029,1913.56,George Town,2026-02-02T21:48:54+08:00
tx_00563,user_023,855.74,Kuching,2026-02-02T00:11:50+08:00
tx_00564,user_008,375.24,Kuala Lumpur,2026-02-01T20:19:50+08:00
tx_00565,user_021,612.13,Shah Alam,2026-02-02T10:46:48+08:00
tx_00566,user_033,205.44,Johor Bahru,2026-02-01T05:29:35+08:00
tx_00567,user_026,1857.88,Ipoh,2026-02-01T10:41:28+08:00
tx_00568,user_030,422.21,Kuala Lumpur,2026-02-01T08:01:57+08:00
tx_00569,user_050,915.23,Melaka,2026-02-02T09:08:00+08:00
tx_00570,user_044,349.99,Kota Kinabalu,2026-02-01T09:10:02+08:00
tx_00571,user_002,269.37,Johor Bahru,2026-02-01T10:36:30+08:00
tx_00572,user_022,506.07,Kuala Lumpur,2026-02-01T16:48:46+08:00
tx_00573,user_037,1779.67,Kuala Lumpur,2026-02-02T10:09:40+08:00
tx_00574,user_044,1752.25,Ipoh,2026-02-01T18:18:15+08:00
tx_00575,user_018,1151.72,Kuala Lumpur,2026-02-01T23:07:10+08:00
tx_00576,user_042,1213.76,Kuching,2026-02-01T08:08:45+08:00
tx_00577,user_006,1150.62,Melaka,2026-02-01T19:31:12+08:00
tx_00578,user_042,2158.38,Kuala Lumpur,2026-02-02T10:27:35+08:00
tx_00579,user_046,1475.78,Kuching,2026-02-02T07:28:08+08:00
tx_00580,user_037,2062.56,Kota Kinabalu,2026-02-01T18:00:48+08:00
tx_00581,user_002,1311.93,Kuala Lumpur,2026-02-02T02:15:40+08:00
tx_00582,user_004,1937.85,Ipoh,2026-02-01T16:18:01+08:00
tx_00583,user_007,1020.34,Kuala Lumpur,2026-02-01T21:20:24+08:00
tx_00584,user_037,1595.52,Johor Bahru,2026-02-01T22:50:03+08:00
tx_00585,user_038,1307.59,Kuala Lumpur,2026-02-02T08:26:40+08:00
tx_00586,user_037,2313.29,Ipoh,2026-02-02T20:12:00+08:00
tx_00587,user_035,1270.27,Kuala Lumpur,2026-02-01T10:44:36+08:00
tx_00588,user_004,957.93,Kuala Lumpur,2026-02-02T23:07:23+08:00
tx_00589,user_031,7.59,Ipoh,2026-02-01T14:02:48+08:00
tx_00590,user_022,731.5,Kuala Lumpur,2026-02-01T15:32:35+08:00
tx_00591,user_038,585.18,Shah Alam,2026-02-01T09:20:30+08:00
tx_00592,user_024,1625.91,Shah Alam,2026-02-02T04:33:54+08:00
tx_00593,user_021,563.26,Kuching,2026-02-02T05:55:44+08:00
tx_00594,user_012,2306.95,Ipoh,2026-02-01T17:57:17+08:00
tx_00595,user_025,1261.42,Johor Bahru,2026-02-01T03:18:00+08:00
tx_00596,user_045,2351.69,Kuala Lumpur,2026-02-01T18:40:35+08:00
tx_00597,user_039,1308.93,George Town,2026-02-02T21:21:44+08:00
tx_00598,user_010,1361.13,Shah Alam,2026-02-02T06:20:51+08:00
tx_00599,user_011,368.57,Kuala Lumpur,2026-02-02T01:44:50+08:00
tx_00600,user_014,1027.15,Kota Kinabalu,2026-02-01T12:28:45+08:00
tx_00601,user_047,10.06,Kuching,2026-02-02T15:00:00+08:00
tx_00602,user_011,1700.76,Shah Alam,2026-02-03T01:54:59+08:00
tx_00603,user_025,420.79,Ipoh,2026-02-01T17:13:26+08:00
tx_00604,user_029,306.04,Kuala Lumpur,2026-02-02T06:39:09+08:00
tx_00605,user_017,433.15,Johor Bahru,2026-02-02T11:34:08+08:00
tx_00606,user_011,312.81,Shah Alam,2026-02-02T20:52:15+08:00
tx_00607,user_046,131.62,Melaka,2026-02-01T16:50:00+08:00
tx_00608,user_004,419.53,Ipoh,2026-02-02T14:36:43+08:00
tx_00609,user_045,2274.84,Kota Kinabalu,2026-02-02T05:02:56+08:00
tx_00610,user_016,397.06,Kuching,2026-02-01T16:34:42+08:00
tx_00611,user_004,1482.06,George Town,2026-02-02T04:48:20+08:00
tx_00612,user_043,2463.73,George Town,2026-02-01T05:36:03+08:00
tx_00613,user_014,704.41,Kuching,2026-02-01T13:25:48+08:00
tx_00614,user_020,1633.77,Kota Kinabalu,2026-02-01T11:14:18+08:00
tx_00615,user_042,2233.62,Shah Alam,2026-02-02T12:40:10+08:00
tx_00616,user_024,769.7,Kota Kinabalu,2026-02-02T17:51:15+08:00
tx_00617,user_030,1083.34,Kuala Lumpur,2026-02-01T16:35:52+08:00
tx_00618,user_049,401.15,Melaka,2026-02-01T23:18:32+08:00
tx_00619,user_036,254.68,Melaka,2026-02-03T02:28:12+08:00
tx_00620,user_044,1949.93,Kuching,2026-02-02T05:44:47+08:00
tx_00621,user_006,1622.08,Johor Bahru,2026-02-01T13:57:00+08:00
tx_00622,user_049,1844.22,Ipoh,2026-02-01T20:21:18+08:00
tx_00623,user_009,179.61,Melaka,2026-02-01T21:15:06+08:00
tx_00624,user_041,610.94,Shah Alam,2026-02-01T09:20:42+08:00
tx_00625,user_006,1594.86,Shah Alam,2026-02-02T03:54:24+08:00
tx_00626,user_034,1881.09,Melaka,2026-02-01T13:22:05+08:00
tx_00627,user_027,617.29,George Town,2026-02-01T12:52:04+08:00
tx_00628,user_037,418.48,Shah Alam,2026-02-02T16:03:30+08:00
tx_00629,user_017,1573.79,Kuching,2026-02-01T06:48:12+08:00
tx_00630,user_012,1133.62,Melaka,2026-02-01T06:48:51+08:00
tx_00631,user_026,1362.3,Kuching,2026-02-02T03:28:30+08:00
tx_00632,user_024,87.54,Kota Kinabalu,2026-02-02T04:34:13+08:00
tx_00633,user_032,407.32,Kota Kinabalu,2026-02-02T19:11:12+08:00
tx_00634,user_050,1319.46,George Town,2026-02-01T20:23:48+08:00
tx_00635,user_029,870.67,Shah Alam,2026-02-01T08:27:12+08:00
tx_00636,user_033,656.14,Melaka,2026-02-01T15:41:55+08:00
tx_00637,user_050,2152.9,Johor Bahru,2026-02-01T20:50:48+08:00
tx_00638,user_013,241.3,Kuching,2026-02-01T07:57:45+08:00
tx_00639,user_024,820.45,Kuching,2026-02-03T01:16:04+08:00
tx_00640,user_026,512.03,Shah Alam,2026-02-02T23:55:30+08:00
tx_00641,user_039,1832.27,Shah Alam,2026-02-02T10:50:40+08:00
tx_00642,user_011,1064.14,Kuala Lumpur,2026-02-02T14:38:17+08:00
tx_00643,user_004,672.93,Ipoh,2026-02-02T00:04:30+08:00
tx_00644,user_044,851.46,Kuala Lumpur,2026-02-01T04:17:12+08:00
tx_00645,user_031,546.29,Kuala Lumpur,2026-02-01T23:58:16+08:00
tx_00646,user_017,2496.44,Melaka,2026-02-02T13:59:00+08:00
tx_00647,user_023,1885.43,Kuching,2026-02-02T07:13:24+08:00
tx_00648,user_044,2137.96,George Town,2026-02-01T04:08:01+08:00
tx_00649,user_033,1537.89,Kota Kinabalu,2026-02-02T06:57:36+08:00
tx_00650,user_044,447.71,Shah Alam,2026-02-02T05:01:29+08:00
tx_00651,user_041,1336.44,Kota Kinabalu,2026-02-01T20:56:40+08:00
tx_00652,user_010,2123.3,Melaka,2026-02-02T09:05:33+08:00
tx_00653,user_044,578.07,Kota Kinabalu,2026-02-02T03:31:44+08:00
tx_00654,user_027,1662.6,Ipoh,2026-02-02T11:22:15+08:00
tx_00655,user_047,915.87,Shah Alam,2026-02-03T02:41:06+08:00
tx_00656,user_020,701.82,Kota Kinabalu,2026-02-01T12:33:15+08:00
tx_00657,user_031,529.48,Johor Bahru,2026-02-02T10:48:16+08:00
tx_00658,user_042,370.35,Ipoh,2026-02-02T08:18:09+08:00
tx_00659,user_027,1362.54,Kota Kinabalu,2026-02-02T22:58:26+08:00
tx_00660,user_008,1932.09,George Town,2026-02-02T23:46:39+08:00
tx_00661,user_013,2054.16,Kota Kinabalu,2026-02-02T18:21:00+08:00
tx_00662,user_004,622.23,Shah Alam,2026-02-02T18:02:49+08:00
tx_00663,user_037,1879.25,Johor Bahru,2026-02-01T11:13:02+08:00
tx_00664,user_032,1367.25,Kuala Lumpur,2026-02-01T04:03:06+08:00
tx_00665,user_029,1125.32,Johor Bahru,2026-02-03T01:48:00+08:00
tx_00666,user_049,365.29,Melaka,2026-02-02T20:08:55+08:00
tx_00667,user_026,1762.76,Kuala Lumpur,2026-02-01T07:12:54+08:00
tx_00668,user_035,821.5,Shah Alam,2026-02-03T05:54:57+08:00
tx_00669,user_013,78.03,Ipoh,2026-02-02T12:22:08+08:00
tx_00670,user_020,533.16,Kota Kinabalu,2026-02-01T19:30:45+08:00
tx_00671,user_005,192.44,Kuching,2026-02-03T05:13:40+08:00
tx_00672,user_039,2151.56,Johor Bahru,2026-02-02T12:20:45+08:00
tx_00673,user_032,1476.32,Melaka,2026-02-01T05:24:48+08:00
tx_00674,user_015,923.23,Kuala Lumpur,2026-02-03T03:58:14+08:00
tx_00675,user_011,509.5,Melaka,2026-02-02T04:05:00+08:00
tx_00676,user_050,2195.9,Kuala Lumpur,2026-02-01T14:03:45+08:00
tx_00677,user_042,85.01,Melaka,2026-02-02T22:22:52+08:00
tx_00678,user_025,511.84,Kuching,2026-02-01T18:25:46+08:00
tx_00679,user_014,43.46,George Town,2026-02-03T05:51:48+08:00
tx_00680,user_018,2485.26,George Town,2026-02-03T04:59:59+08:00
tx_00681,user_047,487.41,George Town,2026-02-03T03:45:20+08:00
tx_00682,user_013,2499.34,Ipoh,2026-02-02T14:24:03+08:00
tx_00683,user_046,1683.42,Kuala Lumpur,2026-02-03T08:50:00+08:00
tx_00684,user_032,855.75,Ipoh,2026-02-01T03:59:03+08:00
tx_00685,user_001,369.19,Kuching,2026-02-01T18:14:24+08:00
tx_00686,user_006,2100.11,Kota Kinabalu,2026-02-02T02:15:30+08:00
tx_00687,user_030,1217.47,Kuala Lumpur,2026-02-01T13:31:46+08:00
tx_00688,user_012,166.45,Shah Alam,2026-02-02T21:25:06+08:00
tx_00689,user_048,479.1,Kuala Lumpur,2026-02-01T17:12:00+08:00
tx_00690,user_043,703.55,Kuching,2026-02-02T06:02:53+08:00
tx_00691,user_047,385.55,Johor Bahru,2026-02-01T14:57:00+08:00
tx_00692,user_026,1644.74,Melaka,2026-02-03T02:40:24+08:00
tx_00693,user_027,688.12,Kuala Lumpur,2026-02-01T19:24:52+08:00
tx_00694,user_007,1709.97,Kuching,2026-02-01T21:33:36+08:00
tx_00695,user_040,1560.59,Kuala Lumpur,2026-02-01T16:34:44+08:00
tx_00696,user_031,2004.16,Kuching,2026-02-01T08:18:05+08:00
tx_00697,user_005,1076.5,Ipoh,2026-02-02T13:18:48+08:00
tx_00698,user_034,2147.91,Melaka,2026-02-02T04:27:39+08:00
tx_00699,user_031,1421.62,Kuala Lumpur,2026-02-01T04:50:50+08:00
tx_00700,user_042,647.87,Kuching,2026-02-01T20:11:36+08:00
tx_00701,user_005,2018.53,Shah Alam,2026-02-02T07:30:00+08:00
tx_00702,user_004,2081.38,Melaka,2026-02-02T20:00:26+08:00
tx_00703,user_016,327.77,Kuching,2026-02-01T12:40:30+08:00
tx_00704,user_032,1836.51,Kuching,2026-02-01T05:39:47+08:00
tx_00705,user_007,1657.6,Kuala Lumpur,2026-02-01T12:54:24+08:00
tx_00706,user_039,1252.88,Ipoh,2026-02-03T01:32:45+08:00
tx_00707,user_022,1493.03,Kuching,2026-02-02T13:03:54+08:00
tx_00708,user_036,2462.75,Kuching,2026-02-01T15:19:06+08:00
tx_00709,user_007,913.05,Shah Alam,2026-02-02T09:14:12+08:00
tx_00710,user_036,2143.51,Kuala Lumpur,2026-02-01T20:28:56+08:00
tx_00711,user_032,580.61,Kota Kinabalu,2026-02-01T23:40:00+08:00
tx_00712,user_013,499.63,Kuching,2026-02-01T23:06:27+08:00
tx_00713,user_046,1389.16,Kuala Lumpur,2026-02-01T16:24:56+08:00
tx_00714,user_050,1850.79,Johor Bahru,2026-02-03T06:27:55+08:00
tx_00715,user_001,2177.08,Melaka,2026-02-03T04:57:18+08:00
tx_00716,user_033,730.92,Johor Bahru,2026-02-01T14:29:55+08:00
tx_00717,user_025,2464.95,Melaka,2026-02-02T22:32:24+08:00
tx_00718,user_039,1021.46,Shah Alam,2026-02-02T09:51:30+08:00
tx_00719,user_029,551.26,Kota Kinabalu,2026-02-03T11:50:00+08:00
tx_00720,user_021,2272.33,Ipoh,2026-02-02T09:33:12+08:00
tx_00721,user_044,1419.22,Shah Alam,2026-02-01T15:48:00+08:00
tx_00722,user_049,1447.87,Melaka,2026-02-03T10:40:53+08:00
tx_00723,user_019,1735.08,George Town,2026-02-01T06:25:04+08:00
tx_00724,user_025,600.0,Ipoh,2026-02-02T07:19:48+08:00
tx_00725,user_049,664.44,Johor Bahru,2026-02-01T10:15:24+08:00
tx_00726,user_045,1213.38,Kuala Lumpur,2026-02-02T16:52:55+08:00
tx_00727,user_029,424.98,Ipoh,2026-02-02T20:09:54+08:00
tx_00728,user_016,2097.4,Melaka,2026-02-02T20:01:26+08:00
tx_00729,user_027,1285.8,Kuala Lumpur,2026-02-02T05:55:44+08:00
tx_00730,user_013,1819.35,Ipoh,2026-02-02T00:05:51+08:00
tx_00731,user_019,1843.21,Johor Bahru,2026-02-01T21:54:00+08:00
tx_00732,user_048,2109.16,Kuala Lumpur,2026-02-03T00:31:49+08:00
tx_00733,user_018,2284.42,Johor Bahru,2026-02-02T06:30:00+08:00
tx_00734,user_001,1358.72,Kuala Lumpur,2026-02-01T19:57:14+08:00
tx_00735,user_021,2449.09,Kota Kinabalu,2026-02-03T07:15:14+08:00
tx_00736,user_037,2258.51,Shah Alam,2026-02-03T11:00:15+08:00
tx_00737,user_015,758.81,Johor Bahru,2026-02-02T23:25:52+08:00
tx_00738,user_035,2204.61,Shah Alam,2026-02-02T03:13:41+08:00
tx_00739,user_014,1364.55,Kota Kinabalu,2026-02-02T02:51:18+08:00
tx_00740,user_049,2177.78,Kuala Lumpur,2026-02-01T16:00:42+08:00
tx_00741,user_043,1422.73,Ipoh,2026-02-01T08:13:20+08:00
tx_00742,user_044,1319.61,Melaka,2026-02-02T07:04:51+08:00
tx_00743,user_035,1163.08,Shah Alam,2026-02-03T10:19:46+08:00
tx_00744,user_033,1830.7,Kota Kinabalu,2026-02-02T00:21:14+08:00
tx_00745,user_021,2109.11,Johor Bahru,2026-02-03T12:58:00+08:00
tx_00746,user_035,35.13,Ipoh,2026-02-03T01:02:45+08:00
tx_00747,user_007,847.86,George Town,2026-02-01T20:18:28+08:00
tx_00748,user_002,1885.5,George Town,2026-02-01T11:49:39+08:00
tx_00749,user_004,734.48,George Town,2026-02-02T04:15:28+08:00
tx_00750,user_017,1674.67,Melaka,2026-02-03T02:08:29+08:00
tx_00751,user_021,74.61,Kuala Lumpur,2026-02-01T10:50:00+08:00
tx_00752,user_049,2403.01,Shah Alam,2026-02-03T09:47:07+08:00
tx_00753,user_007,1192.49,George Town,2026-02-02T10:15:28+08:00
tx_00754,user_049,1797.66,Kuala Lumpur,2026-02-03T06:48:06+08:00
tx_00755,user_011,2190.32,Melaka,2026-02-03T14:37:26+08:00
tx_00756,user_019,595.45,Kuala Lumpur,2026-02-01T19:17:40+08:00
tx_00757,user_008,176.09,Melaka,2026-02-03T13:57:00+08:00
tx_00758,user_036,353.43,Shah Alam,2026-02-02T02:54:56+08:00
tx_00759,user_027,2104.22,Johor Bahru,2026-02-02T04:00:14+08:00
tx_00760,user_040,1040.31,Johor Bahru,2026-02-01T09:54:33+08:00
tx_00761,user_049,2253.78,George Town,2026-02-02T11:28:00+08:00
tx_00762,user_043,280.41,Ipoh,2026-02-03T08:51:49+08:00
tx_00763,user_022,1467.23,George Town,2026-02-02T10:55:30+08:00
tx_00764,user_040,290.35,Kuching,2026-02-03T04:59:10+08:00
tx_00765,user_022,1257.92,Shah Alam,2026-02-02T14:24:44+08:00
tx_00766,user_028,695.05,Ipoh,2026-02-02T04:15:45+08:00
tx_00767,user_046,1791.45,Johor Bahru,2026-02-02T16:12:54+08:00
tx_00768,user_031,1900.75,Kota Kinabalu,2026-02-03T09:18:43+08:00
tx_00769,user_036,450.29,George Town,2026-02-02T10:46:24+08:00
tx_00770,user_009,2211.34,George Town,2026-02-01T12:23:22+08:00
tx_00771,user_002,2082.09,Melaka,2026-02-02T03:22:40+08:00
tx_00772,user_003,2264.48,Kuching,2026-02-01T20:33:36+08:00
tx_00773,user_024,1612.39,Kota Kinabalu,2026-02-01T18:52:16+08:00
tx_00774,user_030,2057.81,Melaka,2026-02-02T20:13:58+08:00
tx_00775,user_033,48.39,Johor Bahru,2026-02-03T12:50:42+08:00
tx_00776,user_009,1832.22,Johor Bahru,2026-02-03T09:28:45+08:00
tx_00777,user_023,170.37,Ipoh,2026-02-01T11:12:32+08:00
tx_00778,user_017,1518.3,Ipoh,2026-02-03T13:30:45+08:00
tx_00779,user_024,1594.77,Kuala Lumpur,2026-02-01T08:38:40+08:00
tx_00780,user_042,1332.18,Kota Kinabalu,2026-02-02T09:19:26+08:00
tx_00781,user_038,2234.92,Melaka,2026-02-02T22:09:00+08:00
tx_00782,user_024,2412.18,Kota Kinabalu,2026-02-02T21:59:32+08:00
tx_00783,user_015,2120.65,Shah Alam,2026-02-03T10:25:58+08:00
tx_00784,user_031,2479.08,Johor Bahru,2026-02-03T05:17:15+08:00
tx_00785,user_011,947.18,Kota Kinabalu,2026-02-02T03:52:32+08:00
tx_00786,user_010,770.25,George Town,2026-02-02T05:52:25+08:00
tx_00787,user_027,1357.17,Kuching,2026-02-03T09:51:30+08:00
tx_00788,user_014,2424.26,Kuala Lumpur,2026-02-02T07:28:48+08:00
tx_00789,user_003,528.99,Johor Bahru,2026-02-01T19:15:44+08:00
tx_00790,user_041,2104.09,Johor Bahru,2026-02-01T10:31:12+08:00
tx_00791,user_011,1062.28,Melaka,2026-02-01T06:21:50+08:00
tx_00792,user_047,1166.13,Kuching,2026-02-03T09:20:51+08:00
tx_00793,user_031,703.36,Johor Bahru,2026-02-02T00:51:36+08:00
tx_00794,user_040,2097.42,Shah Alam,2026-02-03T07:30:36+08:00
tx_00795,user_039,2424.13,Melaka,2026-02-02T23:51:38+08:00
tx_00796,user_009,449.03,Melaka,2026-02-01T21:12:00+08:00
tx_00797,user_039,399.27,Kuala Lumpur,2026-02-03T16:33:52+08:00
tx_00798,user_033,486.17,Johor Bahru,2026-02-03T17:31:52+08:00
tx_00799,user_001,1772.86,Shah Alam,2026-02-01T09:18:36+08:00
tx_00800,user_045,2175.63,Kuching,2026-02-02T23:43:05+08:00
tx_00801,user_023,2417.91,Melaka,2026-02-01T19:33:20+08:00
tx_00802,user_017,1959.31,Kota Kinabalu,2026-02-03T18:18:18+08:00
tx_00803,user_027,1060.3,Kuala Lumpur,2026-02-03T15:56:14+08:00
tx_00804,user_008,2133.06,Ipoh,2026-02-02T16:22:23+08:00
tx_00805,user_027,1488.12,Melaka,2026-02-02T09:16:36+08:00
tx_00806,user_017,2200.69,Shah Alam,2026-02-02T12:00:05+08:00
tx_00807,user_044,1632.36,Kuching,2026-02-02T00:51:06+08:00
tx_00808,user_024,2295.87,Kota Kinabalu,2026-02-02T15:40:39+08:00
tx_00809,user_037,1415.62,George Town,2026-02-02T06:44:56+08:00
tx_00810,user_029,667.13,Melaka,2026-02-02T19:22:17+08:00
tx_00811,user_036,218.26,Kuala Lumpur,2026-02-01T14:51:00+08:00
tx_00812,user_010,1936.96,George Town,2026-02-01T11:42:52+08:00
tx_00813,user_017,913.51,Kuala Lumpur,2026-02-03T00:43:12+08:00
tx_00814,user_026,2139.49,Kuala Lumpur,2026-02-02T00:36:57+08:00
tx_00815,user_041,2029.7,Ipoh,2026-02-03T16:26:30+08:00
tx_00816,user_019,802.09,Ipoh,2026-02-01T23:59:50+08:00
tx_00817,user_044,152.53,Kuala Lumpur,2026-02-01T22:40:00+08:00
tx_00818,user_006,1135.65,Melaka,2026-02-03T03:30:59+08:00
tx_00819,user_038,825.8,George Town,2026-02-01T14:59:48+08:00
tx_00820,user_036,1170.89,Shah Alam,2026-02-02T20:49:03+08:00
tx_00821,user_018,931.93,Kuching,2026-02-03T03:28:40+08:00
tx_00822,user_037,24.42,Melaka,2026-02-03T15:37:39+08:00
tx_00823,user_007,2293.18,Kota Kinabalu,2026-02-02T20:17:48+08:00
tx_00824,user_008,2107.48,Kota Kinabalu,2026-02-03T08:14:18+08:00
tx_00825,user_025,2311.73,Shah Alam,2026-02-03T10:08:16+08:00
tx_00826,user_044,1892.9,Kuching,2026-02-01T18:06:15+08:00
tx_00827,user_017,281.63,Ipoh,2026-02-02T17:31:46+08:00
tx_00828,user_027,1451.88,Kuala Lumpur,2026-02-02T11:22:38+08:00
tx_00829,user_016,1181.16,Shah Alam,2026-02-01T13:20:24+08:00
tx_00830,user_036,736.75,Shah Alam,2026-02-02T06:09:59+08:00
tx_00831,user_037,1107.23,Kuching,2026-02-02T04:07:40+08:00
tx_00832,user_016,996.43,Ipoh,2026-02-02T04:23:33+08:00
tx_00833,user_016,1463.21,George Town,2026-02-01T13:52:00+08:00
tx_00834,user_044,2022.9,Kuala Lumpur,2026-02-03T13:32:58+08:00
tx_00835,user_024,1296.79,Kota Kinabalu,2026-02-03T14:46:54+08:00
tx_00836,user_012,2098.46,Ipoh,2026-02-01T19:42:55+08:00
tx_00837,user_004,2158.67,Kuala Lumpur,2026-02-03T16:19:32+08:00
tx_00838,user_023,1617.27,George Town,2026-02-03T18:15:45+08:00
tx_00839,user_030,1297.0,Ipoh,2026-02-03T01:48:52+08:00
tx_00840,user_038,417.55,Kota Kinabalu,2026-02-02T02:48:05+08:00
tx_00841,user_036,1081.34,Kuching,2026-02-02T21:30:00+08:00
tx_00842,user_024,758.76,Ipoh,2026-02-03T06:39:54+08:00
tx_00843,user_045,1529.56,Kota Kinabalu,2026-02-03T10:28:20+08:00
tx_00844,user_012,2345.29,Ipoh,2026-02-01T16:37:33+08:00
tx_00845,user_047,1110.38,Melaka,2026-02-03T02:24:20+08:00
tx_00846,user_013,602.27,Kuala Lumpur,2026-02-02T01:49:10+08:00
tx_00847,user_027,2051.28,Shah Alam,2026-02-03T15:12:54+08:00
tx_00848,user_020,1032.89,Kuala Lumpur,2026-02-03T04:28:01+08:00
tx_00849,user_007,674.03,Kota Kinabalu,2026-02-03T13:57:04+08:00
tx_00850,user_041,399.75,Kota Kinabalu,2026-02-03T00:06:36+08:00
tx_00851,user_024,2300.84,Shah Alam,2026-02-01T07:05:00+08:00
tx_00852,user_027,501.59,Ipoh,2026-02-03T21:44:05+08:00
tx_00853,user_012,1170.55,Kuching,2026-02-03T10:41:36+08:00
tx_00854,user_006,1565.94,Kuching,2026-02-01T22:16:22+08:00
tx_00855,user_011,1386.69,Melaka,2026-02-01T13:17:04+08:00
tx_00856,user_006,668.53,Shah Alam,2026-02-02T19:13:30+08:00
tx_00857,user_042,1198.49,Melaka,2026-02-02T13:34:08+08:00
tx_00858,user_029,1492.98,Kuching,2026-02-03T06:59:27+08:00
tx_00859,user_011,758.02,Ipoh,2026-02-02T11:16:24+08:00
tx_00860,user_048,332.32,Melaka,2026-02-01T17:10:48+08:00
tx_00861,user_007,266.78,Kuala Lumpur,2026-02-01T07:53:00+08:00
tx_00862,user_050,1631.81,George Town,2026-02-02T12:49:54+08:00
tx_00863,user_040,641.16,Kota Kinabalu,2026-02-02T08:48:14+08:00
tx_00864,user_016,1168.72,Johor Bahru,2026-02-03T21:16:47+08:00
tx_00865,user_011,122.05,Shah Alam,2026-02-03T15:07:12+08:00
tx_00866,user_030,2219.48,Kuching,2026-02-01T21:23:05+08:00
tx_00867,user_045,2213.29,Kuching,2026-02-03T10:12:52+08:00
tx_00868,user_034,2191.45,Kuching,2026-02-03T23:17:12+08:00
tx_00869,user_015,371.74,Shah Alam,2026-02-03T07:41:48+08:00
tx_00870,user_017,642.4,Kuala Lumpur,2026-02-03T21:16:43+08:00
tx_00871,user_049,563.54,Kuching,2026-02-03T22:48:30+08:00
tx_00872,user_001,2019.74,Kuala Lumpur,2026-02-03T10:04:00+08:00
tx_00873,user_019,2450.3,Shah Alam,2026-02-02T04:05:52+08:00
tx_00874,user_027,2301.66,Ipoh,2026-02-02T00:58:39+08:00
tx_00875,user_046,1601.63,Kota Kinabalu,2026-02-01T14:34:00+08:00
tx_00876,user_028,986.89,Kota Kinabalu,2026-02-02T16:06:15+08:00
tx_00877,user_042,2183.46,Ipoh,2026-02-01T13:23:00+08:00
tx_00878,user_012,564.41,Kuching,2026-02-03T13:08:47+08:00
tx_00879,user_018,2020.35,Kuala Lumpur,2026-02-01T23:39:26+08:00
tx_00880,user_004,2196.02,George Town,2026-02-02T16:02:36+08:00
tx_00881,user_018,517.7,Ipoh,2026-02-01T16:08:00+08:00
tx_00882,user_010,65.73,Shah Alam,2026-02-03T09:30:35+08:00
tx_00883,user_020,2046.57,Kuala Lumpur,2026-02-02T22:18:18+08:00
tx_00884,user_006,603.04,Melaka,2026-02-01T13:44:08+08:00
tx_00885,user_035,1930.23,Kota Kinabalu,2026-02-03T04:47:40+08:00
tx_00886,user_001,504.36,Kuching,2026-02-02T11:53:30+08:00
tx_00887,user_048,142.37,George Town,2026-02-03T22:23:16+08:00
tx_00888,user_043,858.76,Kota Kinabalu,2026-02-02T21:34:55+08:00
tx_00889,user_011,177.88,George Town,2026-02-02T12:45:12+08:00
tx_00890,user_031,1228.35,Kuala Lumpur,2026-02-02T08:20:59+08:00
tx_00891,user_008,971.65,Kuala Lumpur,2026-02-02T01:57:30+08:00
tx_00892,user_018,2399.16,Ipoh,2026-02-01T05:56:24+08:00
tx_00893,user_003,2385.79,Johor Bahru,2026-02-03T04:02:00+08:00
tx_00894,user_050,371.32,Kuching,2026-02-01T16:22:18+08:00
tx_00895,user_044,1391.0,Shah Alam,2026-02-02T00:20:12+08:00
tx_00896,user_045,2201.12,Kuching,2026-02-02T10:33:25+08:00
tx_00897,user_021,2292.57,Ipoh,2026-02-01T07:28:00+08:00
tx_00898,user_045,1552.52,Kota Kinabalu,2026-02-01T09:58:00+08:00
tx_00899,user_032,1797.84,Kuching,2026-02-02T05:11:06+08:00
tx_00900,user_037,769.85,Shah Alam,2026-02-03T16:40:41+08:00
tx_00901,user_018,2457.82,George Town,2026-02-04T00:45:00+08:00
tx_00902,user_010,1845.44,Shah Alam,2026-02-03T15:04:12+08:00
tx_00903,user_001,2077.62,Kuala Lumpur,2026-02-03T03:36:52+08:00
tx_00904,user_050,983.51,Melaka,2026-02-02T05:20:51+08:00
tx_00905,user_034,2042.82,Kota Kinabalu,2026-02-02T22:27:20+08:00
tx_00906,user_027,1324.11,George Town,2026-02-01T10:33:30+08:00
tx_00907,user_009,736.03,George Town,2026-02-03T19:26:48+08:00
tx_00908,user_013,409.09,Melaka,2026-02-03T20:01:30+08:00
tx_00909,user_034,2422.4,Shah Alam,2026-02-02T09:32:44+08:00
tx_00910,user_039,295.03,Kuching,2026-02-01T15:09:00+08:00
tx_00911,user_030,253.58,Melaka,2026-02-03T04:34:40+08:00
tx_00912,user_046,243.94,Kuala Lumpur,2026-02-01T14:10:16+08:00
tx_00913,user_020,324.38,George Town,2026-02-01T17:59:12+08:00
tx_00914,user_047,951.86,Ipoh,2026-02-02T05:55:34+08:00
tx_00915,user_034,1023.92,Melaka,2026-02-01T18:47:16+08:00
tx_00916,user_050,2366.57,Melaka,2026-02-01T18:33:15+08:00
tx_00917,user_011,743.86,Shah Alam,2026-02-02T01:26:40+08:00
tx_00918,user_035,2462.75,Shah Alam,2026-02-02T23:22:42+08:00
tx_00919,user_024,1693.65,Ipoh,2026-02-04T04:14:42+08:00
tx_00920,user_014,1541.84,Shah Alam,2026-02-03T16:04:29+08:00
tx_00921,user_029,1631.0,Kota Kinabalu,2026-02-01T07:09:20+08:00
tx_00922,user_034,558.4,Kota Kinabalu,2026-02-02T10:01:33+08:00
tx_00923,user_014,1294.04,Johor Bahru,2026-02-01T17:24:56+08:00
tx_00924,user_003,1890.52,Johor Bahru,2026-02-02T15:44:25+08:00
tx_00925,user_024,2389.33,Kota Kinabalu,2026-02-02T20:24:12+08:00
tx_00926,user_006,2341.69,Ipoh,2026-02-01T15:09:35+08:00
tx_00927,user_047,1334.72,Kuching,2026-02-01T17:29:28+08:00
tx_00928,user_039,1235.09,Melaka,2026-02-01T15:27:00+08:00
tx_00929,user_050,234.55,Melaka,2026-02-03T12:03:44+08:00
tx_00930,user_008,933.9,Melaka,2026-02-01T12:07:43+08:00
tx_00931,user_020,2152.05,Johor Bahru,2026-02-03T00:18:30+08:00
tx_00932,user_033,909.2,Melaka,2026-02-03T16:08:08+08:00
tx_00933,user_049,2442.98,George Town,2026-02-02T10:25:56+08:00
tx_00934,user_028,1191.62,Johor Bahru,2026-02-03T01:45:36+08:00
tx_00935,user_006,1954.9,Melaka,2026-02-02T15:57:16+08:00
tx_00936,user_006,1637.86,Johor Bahru,2026-02-01T23:06:55+08:00
tx_00937,user_031,2295.37,Melaka,2026-02-02T07:12:00+08:00
tx_00938,user_036,2152.33,George Town,2026-02-02T16:36:12+08:00
tx_00939,user_050,1766.59,George Town,2026-02-01T20:03:46+08:00
tx_00940,user_043,1699.65,Shah Alam,2026-02-02T06:31:03+08:00
tx_00941,user_021,1416.9,Kota Kinabalu,2026-02-02T03:40:40+08:00
tx_00942,user_023,1816.92,Kuching,2026-02-01T10:58:42+08:00
tx_00943,user_015,822.52,George Town,2026-02-01T20:08:54+08:00
tx_00944,user_048,228.39,Johor Bahru,2026-02-02T19:44:41+08:00
tx_00945,user_001,1411.14,Kuching,2026-02-03T20:26:24+08:00
tx_00946,user_002,1364.38,Ipoh,2026-02-02T08:33:00+08:00
tx_00947,user_035,2148.48,Kuching,2026-02-02T00:10:32+08:00
tx_00948,user_045,80.69,Kuala Lumpur,2026-02-02T15:27:30+08:00
tx_00949,user_011,251.43,Kota Kinabalu,2026-02-01T12:22:36+08:00
tx_00950,user_030,39.16,Kota Kinabalu,2026-02-03T05:46:36+08:00
tx_00951,user_007,83.46,Ipoh,2026-02-03T08:28:20+08:00
tx_00952,user_033,412.57,George Town,2026-02-02T06:22:45+08:00
tx_00953,user_013,2055.78,Kuala Lumpur,2026-02-01T10:34:40+08:00
tx_00954,user_016,2173.45,Kuching,2026-02-03T10:30:13+08:00
tx_00955,user_048,648.05,Shah Alam,2026-02-03T05:15:54+08:00
tx_00956,user_041,1243.38,Kota Kinabalu,2026-02-01T13:31:45+08:00
tx_00957,user_041,1060.6,Kota Kinabalu,2026-02-02T11:51:00+08:00
tx_00958,user_010,1404.62,George Town,2026-02-03T09:09:15+08:00
tx_00959,user_034,936.63,Johor Bahru,2026-02-03T15:20:04+08:00
tx_00960,user_020,2484.57,Johor Bahru,2026-02-02T09:17:55+08:00
tx_00961,user_042,572.98,Ipoh,2026-02-02T00:00:00+08:00
tx_00962,user_020,2150.26,Johor Bahru,2026-02-02T02:41:40+08:00
tx_00963,user_021,282.88,George Town,2026-02-02T06:27:48+08:00
tx_00964,user_021,601.05,Melaka,2026-02-03T13:31:30+08:00
tx_00965,user_020,1819.42,Ipoh,2026-02-01T19:48:56+08:00
tx_00966,user_009,761.09,Kota Kinabalu,2026-02-02T12:59:30+08:00
tx_00967,user_039,956.3,Shah Alam,2026-02-01T16:06:00+08:00
tx_00968,user_045,1957.28,Kuching,2026-02-03T08:40:37+08:00
tx_00969,user_012,1592.77,Johor Bahru,2026-02-02T03:41:44+08:00
tx_00970,user_013,931.06,Kuala Lumpur,2026-02-02T18:31:42+08:00
tx_00971,user_027,916.33,George Town,2026-02-02T05:38:20+08:00
tx_00972,user_029,2011.57,Ipoh,2026-02-03T16:11:38+08:00
tx_00973,user_026,176.96,Shah Alam,2026-02-03T11:40:12+08:00
tx_00974,user_040,2347.98,Kuala Lumpur,2026-02-04T05:17:58+08:00
tx_00975,user_007,1854.7,Ipoh,2026-02-04T05:06:30+08:00
tx_00976,user_035,1625.08,Melaka,2026-02-04T04:55:00+08:00
tx_00977,user_049,206.34,Kuching,2026-02-03T12:27:28+08:00
tx_00978,user_020,1176.72,Melaka,2026-02-02T22:08:10+08:00
tx_00979,user_040,228.82,Kuching,2026-02-03T20:11:18+08:00
tx_00980,user_006,2055.12,Johor Bahru,2026-02-03T12:05:59+08:00
tx_00981,user_027,1329.7,Johor Bahru,2026-02-03T20:36:00+08:00
tx_00982,user_038,832.71,Kota Kinabalu,2026-02-03T02:24:45+08:00
tx_00983,user_045,676.11,George Town,2026-02-03T20:11:40+08:00
tx_00984,user_041,1491.18,Melaka,2026-02-04T04:43:43+08:00
tx_00985,user_040,659.68,Melaka,2026-02-01T11:28:48+08:00
tx_00986,user_050,704.59,Johor Bahru,2026-02-02T04:10:55+08:00
tx_00987,user_010,737.06,Kota Kinabalu,2026-02-03T00:45:08+08:00
tx_00988,user_047,1832.42,George Town,2026-02-01T23:51:09+08:00
tx_00989,user_013,19.94,Kuala Lumpur,2026-02-03T21:42:32+08:00
tx_00990,user_032,2047.8,Kuching,2026-02-02T14:44:09+08:00
tx_00991,user_014,2416.77,Melaka,2026-02-03T19:39:00+08:00
tx_00992,user_006,2467.9,Ipoh,2026-02-04T10:35:00+08:00
tx_00993,user_018,2288.3,Johor Bahru,2026-02-02T02:10:40+08:00
tx_00994,user_004,1434.02,Kuala Lumpur,2026-02-02T23:26:36+08:00
tx_00995,user_022,364.01,Melaka,2026-02-02T06:38:54+08:00
tx_00996,user_011,1169.99,Johor Bahru,2026-02-03T21:55:35+08:00
tx_00997,user_048,2376.5,George Town,2026-02-02T23:51:48+08:00
tx_00998,user_021,1514.61,Melaka,2026-02-01T14:40:41+08:00
tx_00999,user_019,1933.21,Kota Kinabalu,2026-02-03T04:07:04+08:00
tx_01000,user_034,1699.83,Ipoh,2026-02-01T13:35:51+08:00
